<?xml version="1.0" encoding="UTF-8" standalone="yes"?>
<addon id="plugin.video.tvstreampro" version="4.7" name="[B][COLOR yellow]TVSTREAMPRO[/B][/COLOR] [B][COLOR lime][++][/B][/COLOR]" provider-name="[B][COLOR magenta]@gh000000000000st[/B][/COLOR]">
    <requires>
        <import addon="script.module.simplejson" />
        <import addon="script.module.six" />
        <import addon="script.module.kodi-six" />
        <import addon="script.module.beautifulsoup4" />
        <import addon="script.module.requests" />
        <import addon="script.module.inputstreamhelper" />
        <import addon="inputstream.ffmpegdirect" />
    </requires>
    <extension point="xbmc.python.pluginsource" library="gh0st_enc.py">
        <provides>video</provides>
    </extension>
    <extension point="xbmc.addon.metadata">
        <summary lang="pt">[B][COLOR yellow]TVSTREAMPRO[/B][/COLOR][B][COLOR lime][++][/B][/COLOR] [B]É apenas um [B][COLOR cyan]AGREGADOR[/B][/COLOR] [B]de[/B] [B][COLOR cyan]LINKS[/B][/COLOR] [B] assim como o[/B] [B][COLOR cyan]GOOGLE[/B][/COLOR], [B]apenas agrega e [B][COLOR cyan]ORGANIZA[/B][/COLOR] [B]Os[/B] [B][COLOR cyan]LINKS EXTERNOS[/B][/COLOR], [B]Não somos responsáveis pelos arquivos[/B] [B][COLOR cyan]ENCONTRADO[/B][/COLOR] [B]aqui.</summary>
        <platform>all</platform>
        <license>GNU GENERAL PUBLIC LICENSE. Version 3, 29 June 2007</license>
        <disclaimer>[B][COLOR orange]OBRIGADO POR USAR NOSSO ADD-ONS[/B][/COLOR] [B][COLOR red]sz[/B][/COLOR] [B][COLOR white]AGRADECERMOS A SUA ESCOLHA[/B][/COLOR] [B][COLOR white]EQUIPE[/B][/COLOR] [B][COLOR yellow]TVSTREAMPRO[/B][/COLOR][B][COLOR lime][++][/B][/COLOR] [COLOR gold]:D[/COLOR]</disclaimer>
        <description>[B][COLOR firebrick]●[/COLOR] [COLOR white]PROIBIDO VENDER O [B][COLOR yellow] TVSTREAMPRO[/B][/COLOR][B][COLOR lime][++][/B][/COLOR].
[B][COLOR firebrick]●[/COLOR] [COLOR white]NÃO VENDEMOS IPTV, CASO ACHE SITES OU MESMO APPS É FALSO.[/COLOR][/B]
</description>
        <assets>
            <icon>icon.png</icon>
            <fanart>fanart.jpg</fanart>
<screenshot>resources/home1.jpg</screenshot>
<screenshot>resources/home2.jpg</screenshot>
<screenshot>resources/home3.jpg</screenshot>
        </assets>
    </extension>
</addon>